Producer,Type,Episode Date,Episode Number,Episode Title
Sir Onymous of Dogpatch and Lower Slobbovia,Executive,2022-10-02,1491,Nyet Bluffski
Sir Onymous of Dogpatch and Lower Slobbovia,Executive,2022-08-18,1478,Flexitarianism
Sir Onymous of Dogpatch and Lower Slobbovia,Executive,2022-08-04,1474,Heart Dart
Sir Onymous of Dogpatch and Lower Slobbovia,Executive,2022-06-30,1464,Bomb Rotterdam!
Sir Onymous of Dogpatch and Lower Slobbovia,Executive,2022-05-29,1455,Systemic Rivals
Sir Onymous of Dogpatch and Lower Slobbovia,Executive,2022-05-05,1448,French Rats
Sir Onymous of Dogpatch and Lower Slobbovia,Executive,2022-02-13,1425,Brain Fog
Sir Onymous of Dogpatch and Lower Slobbovia,Executive,2022-01-30,1421,Chuckle Tell
Sir Onymous of Dogpatch and Lower Slobbovia,Executive,2021-12-30,1412,Oil Ball Panic
"Sir Onymous of Dogpatch and Lower Slobbovia, james SCHNEEBERGER",Executive,2021-12-05,1405,"No Shields, No Deals"
Sir Onymous of Dogpatch and Lower Slobbovia,Executive,2021-11-04,1396,Flu Tsunami
Sir Onymous of Dogpatch and Lower Slobbovia,Executive,2021-09-30,1386,Frakenjab
Sir Onymous of Dogpatch and Lower Slobbovia,Executive,2021-07-22,1366,Pingdemic
Sir Onymous of Dogpatch and Lower Slobbovia,Executive,2021-06-17,1356,Chest Feeding
Sir Onymous of Dogpatch and Lower Slobbovia,Executive,2021-05-20,1348,Belching Freon
Sir Onymous of Dogpatch and Lower Slobbovia,Executive,2021-04-18,1339,Accelerationism
Sir Onymous of Dogpatch and Lower Slobbovia,Executive,2021-02-28,1325,Leapicide
Sir Onymous of Dogpatch and Lower Slobbovia,Executive,2021-01-28,1316,Mark of the Mask
Sir Onymous of Dogpatch and Lower Slobbovia,Executive,2020-12-24,1306,Antigenic Drift
Sir Onymous of Dogpatch and Lower Slobbovia,Executive,2020-11-22,1297,Going Bananas
Sir Onymous of Dogpatch and Lower Slobbovia,Executive,2020-10-01,1282,Media Decomposition
Sir Onymous of Dogpatch and Lower Slobbovia,Executive,2020-08-09,1267,Trust Stamp
Sir Onymous of Dogpatch and Lower Slobbovia,Executive,2020-06-25,1254,Vaxeline
Sir Onymous of Dogpatch and Lower Slobbovia,Executive,2020-05-21,1244,Gain of Function
Sir Onymous of Dogpatch and lower Slobbovia,Executive,2020-04-02,1230,Avocado Cartel
Sir Onymous of Dogpatch and Lower Slobbovia,Executive,2020-02-27,1220,Sloganeer
Sir Onymous of Dogpatch and Lower Slobbovia,Executive,2020-01-19,1209,Rewilding
Sir Onymous of Dogpatch and Lower Slobbovia,Executive,2019-10-24,1184,Ejexit
Sir Onymous of Dogpatch and Lower Slobbovia,Executive,2019-10-06,1179,Vooden Sporks
Sir Onymous of Dogpatch and Lower Slobbovia,Executive,2019-08-25,1167,Nine Dash Line
Sir Onymous of Dogpatch and Lower Slobbovia,Executive,2019-07-21,1157,Carbon Captions
Sir Onymous of Dogpatch and Lower Slobbovia,Executive,2019-06-27,1150,Gender Justice
Sir Onymous of Dogpatch and Lower Slobbovia,Executive,2019-05-23,1140,Imperious
Sir Onymous of Dogpatch and Lower Slobbovia,Executive,2019-05-02,1134,Opinion People
Sir Onymous of Dogpatch and Lower Slobbovia,Executive,2019-04-04,1126,Truth to Podcaster
Sir Onymous of Dogpatch and Lower Slobbovia,Executive,2019-02-10,1111,Eleven Eleven
Sir Onymous of Dogpatch and Lower Slobbovia,Executive,2018-12-13,1094,Justice 4 Hillary
Sir Onymous of Dogpatch and Lower Slobbovia,Executive,2018-11-15,1086,Shark Hole
Sir Onymous of Dogpatch and Lower Slobbovia,Executive,2018-10-07,1075,CIA Paid Me
Sir Onymous of Dogpatch and Lower Slobbovia,Executive,2018-10-04,1074,Boo You
Sir Onymous of Dogpatch and Lower Slobbovia,Executive,2018-09-20,1070,Alexa in a Lexus
Sir Onymous of Dogpatch and Lower Slobbovia,Executive,2018-08-16,1060,Austin Beatniks
Sir Onymous of Dogpatch and Lower Slobbovia,Executive,2018-06-14,1042,Two Dictators
Sir Onymous of Dogpatch and Lower Slobbovia,Executive,2018-03-18,1017,Tech Neck
Sir Onymous of Dogpatch and Lower Slobbovia,Executive,2017-12-31,995,Missile by Nike